{
    "$schema": "https://go.kicad.org/pcm/schemas/v1",
    "name": "HQ DFM analysis",
    "description": "By sending Gerber files to HQDFM, achieve one-click analysis of potential PCB design hazards.",
    "description_full": "Click this plugin to obtain high-quality design flaw analysis. HQDFM is committed to maximizing meeting your inspection needs. \n\nWhen you click the 'DFM analysis' button, the plugin will analyze more than 10 design risk issues in the PCB, \n\nsuch as open circuits, disconnected traces, line spacing, and width, helping you eliminate production difficulties and design flaws. \n\nAbout HQDFM: HQDFM is an efficient PCB design software that analyzes design flaws with one click, provides optimization solutions, \n\nand outputs Gerber, BOM, and coordinate files, making design and manufacturing simpler.",
    "identifier": "com.github.SYSUeric66.kicad-dfm-plugin",
    "type": "plugin",
    "author": {
        "name": "NextPCB",
        "contact": {
            "email": "jzzhuang666@gmail.com"
        }
    },
    "maintainer": {
        "name": "NextPCB",
        "contact": {
            "email": "jzzhuang666@gmail.com"
        }
    },
    "license": "MIT",
    "resources": {
        "Github": "git@github.com:kicad-huaqiu/kicad-dfm-plugin.git"
    },
    "versions": [
        {
            "version": "1.0.0",
            "status": "stable",
            "kicad_version": "6.0"
        }
    ]
}
